货币,日期,收盘,开盘,高,低,涨跌幅
CNY,2022年7月13日,6.7244,6.7248,6.728,6.7176,0.01
CNY,2022年7月12日,6.7234,6.7182,6.7391,6.7178,0.09
CNY,2022年7月11日,6.7175,6.6981,6.7202,6.6965,0.34
CNY,2022年7月8日,6.6945,6.6985,6.7094,6.6917,-0.09
CNY,2022年7月7日,6.7005,6.7119,6.7138,6.6968,-0.10
CNY,2022年7月6日,6.707,6.7164,6.7164,6.7003,-0.18
CNY,2022年7月5日,6.7192,6.6965,6.7249,6.684,0.29
CNY,2022年7月4日,6.6995,6.6997,6.7035,6.686,-0.01
CNY,2022年7月1日,6.7,6.694,6.7181,6.6935,0.03
CNY,2022年6月30日,6.6981,6.7056,6.7063,6.6897,-0.02
CNY,2022年6月29日,6.6997,6.706,6.7097,6.6879,-0.11
CNY,2022年6月28日,6.707,6.6965,6.7144,6.674,0.26
CNY,2022年6月27日,6.6899,6.6876,6.6958,6.6814,0.03
CNY,2022年6月24日,6.6878,6.6946,6.701,6.6838,-0.15
CNY,2022年6月23日,6.698,6.7045,6.7155,6.6965,0.00
CNY,2022年6月22日,6.6983,6.7028,6.7275,6.6965,0.15
CNY,2022年6月21日,6.688,6.6835,6.702,6.6741,-0.03
CNY,2022年6月20日,6.69,6.7092,6.7109,6.6715,-0.39
CNY,2022年6月17日,6.716,6.6979,6.7193,6.6915,0.19
CNY,2022年6月16日,6.703,6.6939,6.719,6.6916,-0.15
CNY,2022年6月15日,6.7128,6.7277,6.7283,6.703,-0.40
CNY,2022年6月14日,6.7395,6.7606,6.7617,6.7133,-0.20
CNY,2022年6月13日,6.753,6.7393,6.7593,6.7264,0.67
CNY,2022年6月10日,6.7081,6.6909,6.7185,6.6789,0.25
CNY,2022年6月9日,6.6915,6.6944,6.7013,6.6635,0.13
CNY,2022年6月8日,6.6825,6.6675,6.6974,6.6625,0.22
CNY,2022年6月7日,6.6675,6.6673,6.679,6.661,0.21
CNY,2022年6月6日,6.6534,6.6418,6.6586,6.6376,-0.11
CNY,2022年6月3日,6.6607,6.6603,6.6607,6.6601,0.02
CNY,2022年6月2日,6.6596,6.693,6.7064,6.6595,-0.39
CNY,2022年6月1日,6.6858,6.6676,6.7009,6.6641,0.21
CNY,2022年5月31日,6.6715,6.6708,6.6754,6.6508,0.18
CNY,2022年5月30日,6.6597,6.7024,6.7026,6.6443,-0.57
CNY,2022年5月27日,6.698,6.752,6.7521,6.6918,-0.59
CNY,2022年5月26日,6.738,6.6916,6.7509,6.6916,0.69
CNY,2022年5月25日,6.6916,6.661,6.6994,6.6564,0.58
CNY,2022年5月24日,6.653,6.6613,6.6806,6.6493,0.06
CNY,2022年5月23日,6.649,6.6768,6.6925,6.6448,-0.64
CNY,2022年5月20日,6.6921,6.7222,6.732,6.6673,-0.24
CNY,2022年5月19日,6.7085,6.7621,6.7705,6.7111,-0.67
CNY,2022年5月18日,6.754,6.7415,6.758,6.7377,0.30
CNY,2022年5月17日,6.7337,6.7783,6.7832,6.7224,-0.72
CNY,2022年5月16日,6.7822,6.778,6.8038,6.7724,-0.09
CNY,2022年5月13日,6.788,6.7916,6.8127,6.7757,0.03
CNY,2022年5月12日,6.786,6.7325,6.7976,6.728,1.00
CNY,2022年5月11日,6.7186,6.7337,6.7386,6.7105,-0.23
CNY,2022年5月10日,6.7343,6.7315,6.7408,6.6898,0.07
CNY,2022年5月9日,6.7295,6.7042,6.7323,6.6916,0.97
CNY,2022年5月6日,6.6651,6.6602,6.6956,6.6592,0.17
CNY,2022年5月5日,6.6535,6.5908,6.6557,6.5908,0.68
CNY,2022年5月4日,6.6085,6.6084,6.6086,6.608,0.00
CNY,2022年5月3日,6.6084,6.6085,6.6089,6.6078,0.00
CNY,2022年5月2日,6.6082,6.6085,6.6087,6.6078,0.00
CNY,2022年4月29日,6.608,6.615,6.6515,6.5841,-0.25
CNY,2022年4月28日,6.6243,6.5607,6.6309,6.5588,0.99
CNY,2022年4月27日,6.5595,6.5613,6.5655,6.5469,0.07
CNY,2022年4月26日,6.5552,6.5608,6.5637,6.5266,-0.05
CNY,2022年4月25日,6.5585,6.5148,6.5792,6.5131,0.88
CNY,2022年4月22日,6.501,6.4516,6.5067,6.4491,0.79
CNY,2022年4月21日,6.45,6.4155,6.454,6.4083,0.49
CNY,2022年4月20日,6.4188,6.4095,6.4211,6.3946,0.40
CNY,2022年4月19日,6.393,6.3691,6.3984,6.3685,0.47
CNY,2022年4月18日,6.363,6.3763,6.3768,6.3641,-0.12
CNY,2022年4月15日,6.3705,6.3777,6.378,6.3673,-0.11
CNY,2022年4月14日,6.3775,6.3664,6.382,6.3621,0.15
CNY,2022年4月13日,6.3678,6.3685,6.3717,6.3628,0.04
CNY,2022年4月12日,6.3651,6.373,6.375,6.3637,-0.01
CNY,2022年4月11日,6.366,6.3655,6.3754,6.3649,0.08
CNY,2022年4月8日,6.361,6.3626,6.3688,6.3556,0.07
CNY,2022年4月7日,6.3564,6.3619,6.3662,6.3563,-0.04
CNY,2022年4月6日,6.359,6.3723,6.3765,6.3562,-0.08
CNY,2022年4月5日,6.3641,6.3634,6.3642,6.3629,0.01
CNY,2022年4月4日,6.3634,6.3631,6.3636,6.3629,0.01
CNY,2022年4月1日,6.3625,6.343,6.3665,6.3422,0.37
CNY,2022年3月31日,6.3393,6.3485,6.3556,6.3371,-0.12
CNY,2022年3月30日,6.347,6.3633,6.3637,6.3457,-0.21
CNY,2022年3月29日,6.3602,6.3693,6.3753,6.3608,-0.18
CNY,2022年3月28日,6.3714,6.3795,6.3819,6.3664,0.09
CNY,2022年3月25日,6.3658,6.3654,6.3684,6.3581,-0.02
CNY,2022年3月24日,6.367,6.3755,6.3783,6.3658,-0.08
CNY,2022年3月23日,6.372,6.365,6.3773,6.3636,0.09
CNY,2022年3月22日,6.366,6.3625,6.3678,6.3574,0.17
CNY,2022年3月21日,6.3552,6.3575,6.3682,6.3511,-0.09
CNY,2022年3月18日,6.3609,6.3498,6.3692,6.347,0.24
CNY,2022年3月17日,6.3459,6.345,6.3548,6.3408,-0.08
CNY,2022年3月16日,6.351,6.3705,6.3707,6.3418,-0.29
CNY,2022年3月15日,6.3696,6.3657,6.3868,6.3657,0.14
CNY,2022年3月14日,6.3607,6.3477,6.3681,6.3447,0.34
CNY,2022年3月11日,6.3389,6.3245,6.3403,6.318,0.28
CNY,2022年3月10日,6.3212,6.3169,6.3264,6.3151,0.06
CNY,2022年3月9日,6.3174,6.3174,6.3286,6.3123,-0.01
CNY,2022年3月8日,6.3178,6.3162,6.3214,6.3095,-0.03
CNY,2022年3月7日,6.3194,6.3258,6.3263,6.3158,0.01
CNY,2022年3月4日,6.3188,6.3201,6.3235,6.3139,-0.01
CNY,2022年3月3日,6.3195,6.3191,6.3225,6.3143,-0.02
CNY,2022年3月2日,6.321,6.3135,6.3225,6.3089,0.15
CNY,2022年3月1日,6.3116,6.3071,6.3161,6.3068,0.05
CNY,2022年2月28日,6.3084,6.3194,6.32,6.3046,-0.13
CNY,2022年2月25日,6.3169,6.3231,6.3248,6.3116,-0.18
CNY,2022年2月24日,6.3283,6.3216,6.3322,6.3105,0.24
CNY,2022年2月23日,6.3134,6.3266,6.3316,6.3119,-0.20
CNY,2022年2月22日,6.326,6.3379,6.3465,6.3222,-0.13
CNY,2022年2月21日,6.3345,6.3275,6.3383,6.3219,0.15
CNY,2022年2月18日,6.3251,6.3361,6.3376,6.324,-0.21
CNY,2022年2月17日,6.3381,6.3323,6.3411,6.3292,0.08
CNY,2022年2月16日,6.3332,6.3386,6.3434,6.3324,-0.08
CNY,2022年2月15日,6.3385,6.3542,6.3569,6.3378,-0.29
CNY,2022年2月14日,6.3567,6.3545,6.3636,6.3541,0.04
CNY,2022年2月11日,6.354,6.3576,6.3679,6.3538,0.02
CNY,2022年2月10日,6.3526,6.3615,6.3637,6.352,-0.15
CNY,2022年2月9日,6.3619,6.3646,6.3657,6.3597,-0.06
CNY,2022年2月8日,6.366,6.3565,6.372,6.3559,0.12
CNY,2022年2月7日,6.3583,6.3569,6.3639,6.3544,-0.04
CNY,2022年2月4日,6.361,6.361,6.361,6.361,0.00
CNY,2022年2月3日,6.361,6.361,6.361,6.361,0.00
CNY,2022年2月2日,6.361,6.361,6.361,6.361,0.00
CNY,2022年2月1日,6.361,6.361,6.361,6.361,0.00
CNY,2022年1月31日,6.361,6.361,6.361,6.361,0.01
CNY,2022年1月28日,6.3605,6.3654,6.3672,6.3528,-0.06
CNY,2022年1月27日,6.3643,6.3363,6.3706,6.3356,0.69
CNY,2022年1月26日,6.3206,6.3225,6.3254,6.3186,-0.08
CNY,2022年1月25日,6.3257,6.3285,6.3326,6.3223,-0.07
CNY,2022年1月24日,6.3304,6.3349,6.3354,6.3243,-0.13
CNY,2022年1月21日,6.3385,6.345,6.346,6.3358,-0.03
CNY,2022年1月20日,6.3406,6.3439,6.3478,6.3395,-0.06
CNY,2022年1月19日,6.3447,6.3534,6.3561,6.3435,-0.12
CNY,2022年1月18日,6.3525,6.347,6.356,6.3376,0.07
CNY,2022年1月17日,6.3482,6.3586,6.359,6.3417,-0.07
CNY,2022年1月14日,6.3524,6.3606,6.3618,6.3386,-0.11
CNY,2022年1月13日,6.3595,6.3582,6.3651,6.3549,0.02
CNY,2022年1月12日,6.358,6.3688,6.3694,6.3566,-0.24
CNY,2022年1月11日,6.3735,6.3722,6.3771,6.3685,-0.03
CNY,2022年1月10日,6.3756,6.3744,6.3779,6.3698,-0.02
CNY,2022年1月7日,6.3769,6.3787,6.3832,6.371,-0.08
CNY,2022年1月6日,6.3822,6.3707,6.3859,6.3667,0.29
CNY,2022年1月5日,6.364,6.3724,6.3745,6.3623,-0.13
CNY,2022年1月4日,6.3721,6.3719,6.3794,6.3691,0.31
RUB,2022年7月13日,58.5729,58.94,59.13,58.1128,-0.62
RUB,2022年7月12日,58.94,58.9,59.4844,57.2149,0.07
RUB,2022年7月11日,58.9,60.92,61.8074,58.7975,-3.32
RUB,2022年7月8日,60.92,61.95,61.96,60.8643,-1.66
RUB,2022年7月7日,61.95,63.35,64.3475,61.6322,-2.21
RUB,2022年7月6日,63.35,61.15,64.5988,61.15,3.60
RUB,2022年7月5日,61.15,55.24,62.2557,55.24,10.70
RUB,2022年7月4日,55.24,54.5,56.4654,54.5,1.36
RUB,2022年7月1日,54.5,51.45,55.816,51.3998,5.93
RUB,2022年6月30日,51.45,53.2375,53.4526,51.2728,-3.36
RUB,2022年6月29日,53.2375,51.8,53.32,50.1006,2.78
RUB,2022年6月28日,51.8,53.385,53.4047,51.6521,-2.97
RUB,2022年6月27日,53.385,53.4,54.3906,53.0883,-0.03
RUB,2022年6月24日,53.4,53.465,53.7326,53.1045,-0.12
RUB,2022年6月23日,53.465,53.15,53.8338,52.9124,0.59
RUB,2022年6月22日,53.15,53.775,53.7869,52.866,-1.16
RUB,2022年6月21日,53.775,55.63,55.82,53.775,-3.33
RUB,2022年6月20日,55.63,56.41,56.8177,55.4836,-1.38
RUB,2022年6月17日,56.41,56.5,57.03,56.16,-0.16
RUB,2022年6月16日,56.5,56.96,57.2116,56.4495,-0.81
RUB,2022年6月15日,56.96,56.6,57.1675,56.3803,0.64
RUB,2022年6月14日,56.6,56.8,58.2705,55.7575,-0.35
RUB,2022年6月13日,56.8,59.35,59.5083,56.2981,
RUB,2022年6月10日,56.8,59.35,59.5083,56.2981,-4.30
RUB,2022年6月9日,59.35,59.4,59.7349,57.436,-0.08
RUB,2022年6月8日,59.4,61.0425,61.0611,59.0738,-2.69
RUB,2022年6月7日,61.0425,61.0175,61.49,60.4127,0.04
RUB,2022年6月6日,61.0175,60.95,61.865,60.539,0.11
RUB,2022年6月3日,60.95,61.65,62.4923,60.32,-1.14
RUB,2022年6月2日,61.65,61.28,61.908,60.931,0.60
RUB,2022年6月1日,61.28,61.5,62.1038,61.0503,-0.36
RUB,2022年5月31日,61.5,62.25,63.3017,60.5851,-1.20
RUB,2022年5月30日,62.25,66.7,66.7132,61.0948,-6.67
RUB,2022年5月27日,66.7,65.26,67.4457,64.9001,2.21
RUB,2022年5月26日,65.26,59.33,65.6223,59.33,9.99
RUB,2022年5月25日,59.33,56.8,60.0026,55.8383,4.45
RUB,2022年5月24日,56.8,57.8675,57.8675,56.2853,-1.84
RUB,2022年5月23日,57.8675,60.2325,60.2827,57.2048,-3.93
RUB,2022年5月20日,60.2325,61.905,61.905,57.125,-2.70
RUB,2022年5月19日,61.905,63.445,63.6,61.5747,-2.43
RUB,2022年5月18日,63.445,63.6,64.03,63.001,-0.24
RUB,2022年5月17日,63.6,63.4,63.9696,63.1746,0.32
RUB,2022年5月16日,63.4,64.545,64.545,62.7741,-1.77
RUB,2022年5月13日,64.545,63.3,65.4048,62.7525,1.97
RUB,2022年5月12日,63.3,67.2,67.3975,63.2048,-5.80
RUB,2022年5月11日,67.2,69.4025,70.2,66.528,-3.17
RUB,2022年5月10日,69.4025,69.4025,69.4025,69.4025,
RUB,2022年5月9日,69.4025,69.4025,69.4025,69.4025,0.00
RUB,2022年5月6日,69.4025,67,70.1875,66.0889,3.59
RUB,2022年5月5日,67,66.3,67.6598,66.0101,1.06
RUB,2022年5月4日,66.3,70.96,70.96,66.3,-6.57
RUB,2022年5月3日,70.96,70.96,70.96,70.96,0.00
RUB,2022年5月2日,70.96,72.08,72.3403,70.3221,
RUB,2022年4月29日,70.96,72.08,72.3403,70.3221,-1.55
RUB,2022年4月28日,72.08,72.78,72.78,71.7339,-0.96
RUB,2022年4月27日,72.78,73.525,73.525,72.5362,-1.01
RUB,2022年4月26日,73.525,73.125,73.525,72.2853,0.55
RUB,2022年4月25日,73.125,75.45,75.4508,72.9369,-3.08
RUB,2022年4月22日,75.45,74.785,75.8633,72.7221,0.89
RUB,2022年4月21日,74.785,76.4125,76.6139,73.3933,-2.13
RUB,2022年4月20日,76.4125,78.515,78.5347,74.778,-2.68
RUB,2022年4月19日,78.515,79.75,79.75,78.0211,-1.55
RUB,2022年4月18日,79.75,79.995,80.3522,78.78,-0.31
RUB,2022年4月15日,79.995,80.8975,80.8991,79.2471,-1.12
RUB,2022年4月14日,80.8975,79.8675,82.3836,79.557,1.29
RUB,2022年4月13日,79.8675,79.68,80.2965,79.4078,0.24
RUB,2022年4月12日,79.68,79.065,80.2549,78.6952,0.78
RUB,2022年4月11日,79.065,76.08,81.295,76.08,3.92
RUB,2022年4月8日,76.08,75.75,76.259,71.3993,0.44
RUB,2022年4月7日,75.75,79.7,79.7134,74.7532,-4.96
RUB,2022年4月6日,79.7,83.3125,83.6375,79.1975,-4.34
RUB,2022年4月5日,83.3125,84,84,82.7885,-0.82
RUB,2022年4月4日,84,83.95,84.9917,83.0201,0.06
RUB,2022年4月1日,83.95,83.2,84.2991,83.1494,0.90
RUB,2022年3月31日,83.2,84.55,84.55,83.11,-1.60
RUB,2022年3月30日,84.55,85.25,85.25,83.0119,-0.82
RUB,2022年3月29日,85.25,89.75,89.75,82.9525,-5.01
RUB,2022年3月28日,89.75,96,96,89.1301,-6.51
RUB,2022年3月25日,96,97,97.468,93.075,-1.03
RUB,2022年3月24日,97,97.7375,97.74,95.5604,-0.75
RUB,2022年3月23日,97.7375,103.55,104.498,97.6,-5.61
RUB,2022年3月22日,103.55,104,104.345,103.4399,-0.43
RUB,2022年3月21日,104,104.82,105.6525,103.9968,-0.78
RUB,2022年3月18日,104.82,103.15,105.5971,101.998,1.62
RUB,2022年3月17日,103.15,108,108,103.0114,-4.49
RUB,2022年3月16日,108,110.1,110.1,107.3175,-1.91
RUB,2022年3月15日,110.1,114.1025,114.1025,109.25,-3.51
RUB,2022年3月14日,114.1025,114.2525,115.5952,110.1071,-0.13
RUB,2022年3月11日,114.2525,118.5,118.5075,113.3485,-3.58
RUB,2022年3月10日,118.5,120,121.21,116,-1.25
RUB,2022年3月9日,120,113.8825,120.83,113.8825,-5.88
RUB,2022年3月8日,127.5,129,141.5,121,-10.84
RUB,2022年3月7日,143,120,158.3,125.5,16.70
RUB,2022年3月4日,122.5375,109.75,128.0165,99.92,11.50
RUB,2022年3月3日,109.896,102.75,118.6885,96.5175,6.85
RUB,2022年3月2日,102.8505,108.5,115.55,95.475,-5.24
RUB,2022年3月1日,108.5435,102.25,118.5235,89.3985,2.36
RUB,2022年2月28日,106.0405,107.6462,115.4163,92.931,0.73
RUB,2022年2月25日,105.271,84.4255,105.271,81.2302,25.25
RUB,2022年2月24日,84.0475,81.16,90.1896,80.5225,3.57
RUB,2022年2月23日,81.148,78.83,81.8605,78.5456,3.24
RUB,2022年2月22日,78.5987,80.1485,80.9408,78.4972,-1.77
RUB,2022年2月21日,80.017,77.9465,80.3438,76.1358,3.47
RUB,2022年2月18日,77.332,76.3088,77.4832,75.644,1.34
RUB,2022年2月17日,76.3088,75.2537,76.6241,75.2525,1.40
RUB,2022年2月16日,75.2537,75.3519,75.3665,74.8532,-0.13
RUB,2022年2月15日,75.3519,76.7799,76.787,75.1262,-1.86
RUB,2022年2月14日,76.7799,77.1905,78.0675,75.9325,-0.53
RUB,2022年2月11日,77.1905,75.0216,77.5925,74.8215,2.89
RUB,2022年2月10日,75.0216,74.7189,75.0417,74.2873,0.41
RUB,2022年2月9日,74.7189,75.0091,75.0706,74.502,-0.39
RUB,2022年2月8日,75.0091,75.4971,75.5533,74.9978,-0.65
RUB,2022年2月7日,75.4971,75.8385,76.059,75.3971,-0.45
RUB,2022年2月4日,75.8385,76.5108,76.5108,75.6604,-0.88
RUB,2022年2月3日,76.5108,76.2911,76.8093,76.1473,0.61
RUB,2022年2月2日,76.0472,76.8603,76.88,75.6935,-1.06
RUB,2022年2月1日,76.8603,77.3792,77.3792,76.4645,-0.67
RUB,2022年1月31日,77.3792,77.8279,77.8314,77.2718,-0.58
RUB,2022年1月28日,77.8279,78.0065,78.287,77.415,-0.23
RUB,2022年1月27日,78.0065,79.496,79.731,77.4233,-1.87
RUB,2022年1月26日,79.496,78.6456,80.3251,78.5324,1.08
RUB,2022年1月25日,78.6456,78.786,79.3147,78.3099,-0.18
RUB,2022年1月24日,78.786,77.4485,79.4754,76.9856,1.73
RUB,2022年1月21日,77.4485,76.6814,77.5318,76.2921,1.00
RUB,2022年1月20日,76.6814,76.2065,76.7738,76.0106,0.62
RUB,2022年1月19日,76.2065,76.935,77.1589,75.8714,-0.95
RUB,2022年1月18日,76.935,76.1055,76.9965,76.018,1.09
RUB,2022年1月17日,76.1055,76.2202,76.7754,75.6964,-0.15
RUB,2022年1月14日,76.2202,76.2755,76.9626,75.6077,-0.07
RUB,2022年1月13日,76.2755,74.7154,76.5596,74.4713,2.09
RUB,2022年1月12日,74.7154,74.4665,74.894,74.3172,0.33
RUB,2022年1月11日,74.4665,75.0159,75.0159,74.4198,-0.73
RUB,2022年1月10日,75.0159,75.7408,75.7742,74.8564,-0.96
RUB,2022年1月7日,75.7408,76.313,76.505,75.1076,-0.75
RUB,2022年1月6日,76.313,76.7857,77.3182,76.0446,-0.62
RUB,2022年1月5日,76.7857,75.37,76.8755,75.37,1.88
RUB,2022年1月4日,75.37,74.5508,75.5754,74.44,1.10
EUR,2022年7月13日,0.9936,0.997,0.9993,0.9933,-0.23
EUR,2022年7月12日,0.9959,0.996,1,0.9926,0.02
EUR,2022年7月11日,0.9957,0.9829,0.9966,0.9819,1.44
EUR,2022年7月8日,0.9816,0.9843,0.9929,0.9811,-0.24
EUR,2022年7月7日,0.984,0.9822,0.9858,0.9783,0.20
EUR,2022年7月6日,0.982,0.9739,0.9841,0.973,0.85
EUR,2022年7月5日,0.9737,0.9598,0.9771,0.957,1.51
EUR,2022年7月4日,0.9592,0.9593,0.96,0.9557,0.04
EUR,2022年7月1日,0.9588,0.9541,0.9647,0.9536,0.53
EUR,2022年6月30日,0.9537,0.9578,0.9632,0.9534,-0.41
EUR,2022年6月29日,0.9576,0.9507,0.9584,0.9491,0.75
EUR,2022年6月28日,0.9505,0.9448,0.9521,0.9428,0.61
EUR,2022年6月27日,0.9447,0.9474,0.9479,0.942,-0.25
EUR,2022年6月24日,0.9471,0.9499,0.9513,0.9459,-0.28
EUR,2022年6月23日,0.9498,0.9463,0.9539,0.945,0.37
EUR,2022年6月22日,0.9463,0.9499,0.9553,0.9428,-0.37
EUR,2022年6月21日,0.9498,0.9514,0.9517,0.9449,-0.15
EUR,2022年6月20日,0.9512,0.9549,0.9549,0.9481,-0.11
EUR,2022年6月17日,0.9522,0.948,0.9574,0.947,0.47
EUR,2022年6月16日,0.9477,0.9574,0.9633,0.9432,-1.00
EUR,2022年6月15日,0.9573,0.96,0.9654,0.9516,-0.26
EUR,2022年6月14日,0.9598,0.9606,0.9618,0.9537,-0.09
EUR,2022年6月13日,0.9607,0.9512,0.9615,0.9506,1.05
EUR,2022年6月10日,0.9507,0.9419,0.9518,0.9395,0.94
EUR,2022年6月9日,0.9418,0.9331,0.9424,0.9281,0.94
EUR,2022年6月8日,0.933,0.9346,0.9371,0.9303,-0.14
EUR,2022年6月7日,0.9343,0.935,0.9388,0.9333,-0.06
EUR,2022年6月6日,0.9349,0.9327,0.936,0.93,0.24
EUR,2022年6月3日,0.9327,0.9306,0.9342,0.929,0.27
EUR,2022年6月2日,0.9302,0.9391,0.9395,0.9301,-0.92
EUR,2022年6月1日,0.9388,0.9316,0.941,0.9312,0.79
EUR,2022年5月31日,0.9314,0.9277,0.9365,0.9276,0.41
EUR,2022年5月30日,0.9276,0.9314,0.9323,0.927,-0.46
EUR,2022年5月27日,0.9319,0.9323,0.9349,0.9289,-0.02
EUR,2022年5月26日,0.9321,0.936,0.9379,0.9317,-0.42
EUR,2022年5月25日,0.936,0.9313,0.9397,0.9312,0.49
EUR,2022年5月24日,0.9314,0.9354,0.938,0.9302,-0.41
EUR,2022年5月23日,0.9352,0.9459,0.9471,0.9347,-1.20
EUR,2022年5月20日,0.9466,0.9445,0.9495,0.9434,0.25
EUR,2022年5月19日,0.9442,0.9551,0.956,0.9427,-1.14
EUR,2022年5月18日,0.9551,0.948,0.956,0.9466,0.77
EUR,2022年5月17日,0.9478,0.9584,0.9589,0.9473,-1.10
EUR,2022年5月16日,0.9583,0.9611,0.9626,0.9575,-0.20
EUR,2022年5月13日,0.9602,0.9635,0.9663,0.9596,-0.32
EUR,2022年5月12日,0.9633,0.9513,0.9658,0.9497,1.29
EUR,2022年5月11日,0.951,0.9498,0.9523,0.9454,0.15
EUR,2022年5月10日,0.9496,0.9472,0.9501,0.9446,0.26
EUR,2022年5月9日,0.9471,0.9477,0.9528,0.9439,-0.03
EUR,2022年5月6日,0.9474,0.9484,0.954,0.9434,-0.11
EUR,2022年5月5日,0.9484,0.9414,0.9531,0.9396,0.76
EUR,2022年5月4日,0.9412,0.951,0.9518,0.9406,-0.94
EUR,2022年5月3日,0.9501,0.9516,0.9529,0.9454,-0.18
EUR,2022年5月2日,0.9518,0.9478,0.9533,0.9462,0.37
EUR,2022年4月29日,0.9483,0.9528,0.9532,0.944,-0.41
EUR,2022年4月28日,0.9522,0.9473,0.955,0.9464,0.54
EUR,2022年4月27日,0.9471,0.9401,0.9512,0.9385,0.77
EUR,2022年4月26日,0.9399,0.9334,0.9402,0.9312,0.71
EUR,2022年4月25日,0.9333,0.9224,0.9349,0.9223,0.76
EUR,2022年4月22日,0.9263,0.9227,0.9285,0.9215,0.41
EUR,2022年4月21日,0.9225,0.9215,0.9239,0.9143,0.14
EUR,2022年4月20日,0.9212,0.9269,0.9273,0.9201,-0.60
EUR,2022年4月19日,0.9268,0.9274,0.9294,0.9247,-0.05
EUR,2022年4月18日,0.9273,0.9255,0.9286,0.924,0.24
EUR,2022年4月15日,0.9251,0.9236,0.9262,0.9233,0.19
EUR,2022年4月14日,0.9233,0.9185,0.9296,0.9154,0.53
EUR,2022年4月13日,0.9184,0.9236,0.9252,0.9178,-0.54
EUR,2022年4月12日,0.9234,0.919,0.9241,0.9171,0.50
EUR,2022年4月11日,0.9188,0.9145,0.9197,0.9131,-0.03
EUR,2022年4月8日,0.9191,0.9192,0.9229,0.918,0.00
EUR,2022年4月7日,0.9191,0.9179,0.9204,0.9141,0.16
EUR,2022年4月6日,0.9176,0.9169,0.9196,0.9142,0.09
EUR,2022年4月5日,0.9168,0.9114,0.9175,0.91,0.61
EUR,2022年4月4日,0.9112,0.9059,0.9124,0.9045,0.75
EUR,2022年4月1日,0.9044,0.9038,0.9068,0.9028,0.11
EUR,2022年3月31日,0.9034,0.8963,0.9041,0.894,0.83
EUR,2022年3月30日,0.896,0.902,0.9023,0.8952,-0.64
EUR,2022年3月29日,0.9018,0.9107,0.9116,0.8978,-0.97
EUR,2022年3月28日,0.9106,0.91,0.9137,0.909,0.03
EUR,2022年3月25日,0.9103,0.9093,0.9108,0.9059,0.12
EUR,2022年3月24日,0.9092,0.9087,0.912,0.9079,0.07
EUR,2022年3月23日,0.9086,0.9067,0.9121,0.9054,0.23
EUR,2022年3月22日,0.9065,0.9076,0.9124,0.9053,-0.12
EUR,2022年3月21日,0.9076,0.9042,0.9083,0.9033,0.30
EUR,2022年3月18日,0.9049,0.9017,0.9089,0.8993,0.38
EUR,2022年3月17日,0.9015,0.9061,0.9084,0.8978,-0.53
EUR,2022年3月16日,0.9063,0.9128,0.9133,0.9052,-0.71
EUR,2022年3月15日,0.9128,0.914,0.9153,0.9074,-0.13
EUR,2022年3月14日,0.914,0.9139,0.9174,0.9096,-0.25
EUR,2022年3月11日,0.9163,0.9104,0.9173,0.9054,0.67
EUR,2022年3月10日,0.9102,0.9029,0.9111,0.8992,0.83
EUR,2022年3月9日,0.9027,0.9172,0.9183,0.9013,-1.58
EUR,2022年3月8日,0.9172,0.9213,0.9218,0.9125,-0.42
EUR,2022年3月7日,0.9211,0.913,0.9255,0.913,0.66
EUR,2022年3月4日,0.9151,0.9036,0.9186,0.9035,1.28
EUR,2022年3月3日,0.9035,0.8995,0.9064,0.8989,0.50
EUR,2022年3月2日,0.899,0.8987,0.9044,0.8971,0.04
EUR,2022年3月1日,0.8986,0.8914,0.9018,0.8902,0.85
EUR,2022年2月28日,0.891,0.8946,0.8991,0.8891,0.43
EUR,2022年2月25日,0.8872,0.8935,0.8956,0.8869,-0.68
EUR,2022年2月24日,0.8933,0.8839,0.9004,0.8839,1.06
EUR,2022年2月23日,0.8839,0.8829,0.8849,0.8803,0.12
EUR,2022年2月22日,0.8828,0.884,0.886,0.8797,-0.14
EUR,2022年2月21日,0.884,0.8838,0.8845,0.8779,0.11
EUR,2022年2月18日,0.883,0.8802,0.8838,0.8789,0.33
EUR,2022年2月17日,0.8801,0.8791,0.8832,0.8782,0.11
EUR,2022年2月16日,0.8791,0.8802,0.8815,0.8774,-0.14
EUR,2022年2月15日,0.8803,0.8845,0.8849,0.8796,-0.45
EUR,2022年2月14日,0.8843,0.8815,0.8866,0.8795,0.40
EUR,2022年2月11日,0.8808,0.8751,0.8827,0.8748,0.66
EUR,2022年2月10日,0.875,0.8749,0.8791,0.8698,-0.02
EUR,2022年2月9日,0.8752,0.8759,0.877,0.8735,-0.09
EUR,2022年2月8日,0.876,0.8739,0.8776,0.8734,0.24
EUR,2022年2月7日,0.8739,0.8719,0.8761,0.8719,0.06
EUR,2022年2月4日,0.8734,0.8742,0.8763,0.8708,-0.07
EUR,2022年2月3日,0.874,0.8845,0.8875,0.8732,-1.19
EUR,2022年2月2日,0.8845,0.8874,0.8876,0.8826,-0.29
EUR,2022年2月1日,0.8871,0.8902,0.8912,0.8866,-0.31
EUR,2022年1月31日,0.8899,0.8971,0.8978,0.889,-0.80
EUR,2022年1月28日,0.8971,0.8971,0.8992,0.8949,0.00
EUR,2022年1月27日,0.8971,0.8896,0.8984,0.8893,0.84
EUR,2022年1月26日,0.8896,0.8849,0.8901,0.8841,0.55
EUR,2022年1月25日,0.8847,0.8831,0.8879,0.8826,0.22
EUR,2022年1月24日,0.8828,0.8816,0.8857,0.8813,0.15
EUR,2022年1月21日,0.8815,0.884,0.8849,0.8802,-0.27
EUR,2022年1月20日,0.8839,0.8817,0.8848,0.8795,0.27
EUR,2022年1月19日,0.8815,0.8834,0.8835,0.8805,-0.14
EUR,2022年1月18日,0.8827,0.8766,0.8838,0.8755,0.73
EUR,2022年1月17日,0.8763,0.8762,0.8778,0.8745,0.06
EUR,2022年1月14日,0.8758,0.8729,0.8773,0.8708,0.34
EUR,2022年1月13日,0.8728,0.8738,0.8745,0.8709,-0.10
EUR,2022年1月12日,0.8737,0.8798,0.8808,0.8731,-0.68
EUR,2022年1月11日,0.8797,0.883,0.884,0.8791,-0.35
EUR,2022年1月10日,0.8828,0.8809,0.8862,0.8802,0.32
EUR,2022年1月7日,0.88,0.8855,0.8858,0.8798,-0.60
EUR,2022年1月6日,0.8853,0.8838,0.8862,0.8824,0.19
EUR,2022年1月5日,0.8836,0.886,0.8868,0.8813,-0.25
EUR,2022年1月4日,0.8858,0.8852,0.8872,0.8831,0.08
