Date,Location,newCases,newDeaths,totalCases,totalDeaths
2020/1/22,United States,,,1,
2020/1/23,United States,0,,1,
2020/1/24,United States,1,,2,
2020/1/25,United States,0,,2,
2020/1/26,United States,3,,5,
2020/1/27,United States,0,,5,
2020/1/28,United States,0,,5,
2020/1/29,United States,1,,6,
2020/1/30,United States,0,,6,
2020/1/31,United States,2,,8,
2020/2/1,United States,0,,8,
2020/2/2,United States,0,,8,
2020/2/3,United States,3,,11,
2020/2/4,United States,0,,11,
2020/2/5,United States,0,,11,
2020/2/6,United States,1,,12,
2020/2/7,United States,0,,12,
2020/2/8,United States,0,,12,
2020/2/9,United States,0,,12,
2020/2/10,United States,0,,12,
2020/2/11,United States,1,,13,
2020/2/12,United States,0,,13,
2020/2/13,United States,1,,14,
2020/2/14,United States,0,,14,
2020/2/15,United States,0,,14,
2020/2/16,United States,0,,14,
2020/2/17,United States,0,,14,
2020/2/18,United States,0,,14,
2020/2/19,United States,0,,14,
2020/2/20,United States,0,,14,
2020/2/21,United States,2,,16,
2020/2/22,United States,0,,16,
2020/2/23,United States,0,,16,
2020/2/24,United States,0,,16,
2020/2/25,United States,0,,16,
2020/2/26,United States,0,,16,
2020/2/27,United States,1,,17,
2020/2/28,United States,0,,17,
2020/2/29,United States,8,1,25,1
2020/3/1,United States,7,0,32,1
2020/3/2,United States,23,5,55,6
2020/3/3,United States,19,1,74,7
2020/3/4,United States,33,4,107,11
2020/3/5,United States,77,1,184,12
2020/3/6,United States,53,2,237,14
2020/3/7,United States,166,3,403,17
2020/3/8,United States,116,4,519,21
2020/3/9,United States,75,1,594,22
2020/3/10,United States,188,6,782,28
2020/3/11,United States,365,5,1147,33
2020/3/12,United States,439,10,1586,43
2020/3/13,United States,633,8,2219,51
2020/3/14,United States,759,7,2978,58
2020/3/15,United States,234,12,3212,70
2020/3/16,United States,1467,27,4679,97
2020/3/17,United States,1833,37,6512,134
2020/3/18,United States,2657,60,9169,194
2020/3/19,United States,4494,72,13663,266
2020/3/20,United States,6367,106,20030,372
2020/3/21,United States,5995,103,26025,475
2020/3/22,United States,8919,128,34944,603
2020/3/23,United States,11152,187,46096,790
2020/3/24,United States,10618,243,56714,1033
2020/3/25,United States,12127,333,68841,1366
2020/3/26,United States,17821,417,86662,1783
2020/3/27,United States,18591,522,105253,2305
2020/3/28,United States,22164,713,127417,3018
2020/3/29,United States,16127,555,143544,3573
2020/3/30,United States,22154,707,165698,4280
2020/3/31,United States,26381,1079,192079,5359
2020/4/1,United States,31176,1252,223255,6611
2020/4/2,United States,32276,1531,255531,8142
2020/4/3,United States,32401,1420,287932,9562
2020/4/4,United States,31845,1603,319777,11165
2020/4/5,United States,29240,1616,349017,12781
2020/4/6,United States,31782,1742,380799,14523
2020/4/7,United States,30036,2576,410835,17099
2020/4/8,United States,31063,2150,441898,19249
2020/4/9,United States,35610,2214,477508,21463
2020/4/10,United States,34283,2187,511791,23650
2020/4/11,United States,28924,2136,540715,25786
2020/4/12,United States,26308,1889,567023,27675
2020/4/13,United States,27143,1985,594166,29660
2020/4/14,United States,28328,2473,622494,32133
2020/4/15,United States,25897,2598,648391,34731
2020/4/16,United States,29638,2183,678029,36914
2020/4/17,United States,33107,2095,711136,39009
2020/4/18,United States,27329,1946,738465,40955
2020/4/19,United States,25422,1980,763887,42935
2020/4/20,United States,30084,2245,793971,45180
2020/4/21,United States,26075,2482,820046,47662
2020/4/22,United States,29881,2467,849927,50129
2020/4/23,United States,31965,2414,881892,52543
2020/4/24,United States,31965,2169,913857,54712
2020/4/25,United States,30914,1734,944771,56446
2020/4/26,United States,25971,1406,970742,57852
2020/4/27,United States,24650,1480,995392,59332
2020/4/28,United States,24573,2244,1019965,61576
2020/4/29,United States,26852,2392,1046817,63968
2020/4/30,United States,29702,2191,1076519,66159
2020/5/1,United States,34892,1908,1111411,68067
2020/5/2,United States,26764,1743,1138175,69810
2020/5/3,United States,23733,1203,1161908,71013
2020/5/4,United States,23802,1358,1185710,72371
2020/5/5,United States,24019,2221,1209729,74592
2020/5/6,United States,24482,2322,1234211,76914
2020/5/7,United States,27739,1915,1261950,78829
2020/5/8,United States,27183,1771,1289133,80600
2020/5/9,United States,24454,1466,1313587,82066
2020/5/10,United States,18746,1000,1332333,83066
2020/5/11,United States,19077,1035,1351410,84101
2020/5/12,United States,23382,1589,1374792,85690
2020/5/13,United States,20015,1735,1394807,87425
2020/5/14,United States,25890,1773,1420697,89198
2020/5/15,United States,24851,1665,1445548,90863
2020/5/16,United States,24050,1197,1469598,92060
2020/5/17,United States,18729,830,1488327,92890
2020/5/18,United States,22308,1220,1510635,94110
2020/5/19,United States,20503,1445,1531138,95555
2020/5/20,United States,22826,1503,1553964,97058
2020/5/21,United States,25152,1188,1579116,98246
2020/5/22,United States,23828,1204,1602944,99450
2020/5/23,United States,20189,1074,1623133,100524
2020/5/24,United States,20174,641,1643307,101165
2020/5/25,United States,19094,597,1662401,101762
2020/5/26,United States,18726,657,1681127,102419
2020/5/27,United States,18763,1479,1699890,103898
2020/5/28,United States,21267,1089,1721157,104987
2020/5/29,United States,25082,1117,1746239,106104
2020/5/30,United States,23080,952,1769319,107056
2020/5/31,United States,18919,621,1788238,107677
2020/6/1,United States,17840,774,1806078,108451
2020/6/2,United States,20090,981,1826168,109432
2020/6/3,United States,19156,1011,1845324,110443
2020/6/4,United States,27934,1005,1873258,111448
2020/6/5,United States,26439,880,1899697,112328
2020/6/6,United States,20269,638,1919966,112966
2020/6/7,United States,17826,456,1937792,113422
2020/6/8,United States,16899,512,1954691,113934
2020/6/9,United States,20321,918,1975012,114852
2020/6/10,United States,21718,872,1996730,115724
2020/6/11,United States,22278,817,2019008,116541
2020/6/12,United States,25558,822,2044566,117363
2020/6/13,United States,24157,720,2068723,118083
2020/6/14,United States,18901,347,2087624,118430
2020/6/15,United States,20999,401,2108623,118831
2020/6/16,United States,24549,785,2133172,119616
2020/6/17,United States,27050,749,2160222,120365
2020/6/18,United States,28227,701,2188449,121066
2020/6/19,United States,31054,634,2219503,121700
2020/6/20,United States,31826,565,2251329,122265
2020/6/21,United States,25836,317,2277165,122582
2020/6/22,United States,29801,379,2306966,122961
2020/6/23,United States,38729,740,2345695,123701
2020/6/24,United States,36251,756,2381946,124457
2020/6/25,United States,39299,549,2421245,125006
2020/6/26,United States,49047,630,2470292,125636
2020/6/27,United States,40754,497,2511046,126133
2020/6/28,United States,42925,324,2553971,126457
2020/6/29,United States,41296,371,2595267,126828
2020/6/30,United States,49823,554,2645090,127382
2020/7/1,United States,49123,701,2694213,128083
2020/7/2,United States,54943,739,2749156,128822
2020/7/3,United States,51505,677,2800661,129499
2020/7/4,United States,45945,302,2846606,129801
2020/7/5,United States,53728,322,2900334,130123
2020/7/6,United States,43165,370,2943499,130493
2020/7/7,United States,57230,1143,3000729,131636
2020/7/8,United States,60306,842,3061035,132478
2020/7/9,United States,59656,1036,3120691,133514
2020/7/10,United States,68859,818,3189550,134332
2020/7/11,United States,60439,751,3249989,135083
2020/7/12,United States,60132,474,3310121,135557
2020/7/13,United States,59364,435,3369485,135992
2020/7/14,United States,65662,898,3435147,136890
2020/7/15,United States,66026,964,3501173,137854
2020/7/16,United States,70814,967,3571987,138821
2020/7/17,United States,66472,920,3638459,139741
2020/7/18,United States,64322,887,3702781,140628
2020/7/19,United States,58932,479,3761713,141107
2020/7/20,United States,60663,532,3822376,141639
2020/7/21,United States,68194,1088,3890570,142727
2020/7/22,United States,67545,1226,3958115,143953
2020/7/23,United States,67886,1090,4026001,145043
2020/7/24,United States,75147,1092,4101148,146135
2020/7/25,United States,64200,971,4165348,147106
2020/7/26,United States,55839,537,4221187,147643
2020/7/27,United States,59724,1110,4280911,148753
2020/7/28,United States,64830,1217,4345741,149970
2020/7/29,United States,64128,1444,4409869,151414
2020/7/30,United States,69241,1295,4479110,152709
2020/7/31,United States,64576,1185,4543686,153894
2020/8/1,United States,57578,1119,4601264,155013
2020/8/2,United States,47109,462,4648373,155475
2020/8/3,United States,41684,562,4690057,156037
2020/8/4,United States,61657,1258,4751714,157295
2020/8/5,United States,54348,1413,4806062,158708
2020/8/6,United States,60180,1183,4866242,159891
2020/8/7,United States,60587,1295,4926829,161186
2020/8/8,United States,63933,1086,4990762,162272
2020/8/9,United States,54267,573,5045029,162845
2020/8/10,United States,51617,522,5096646,163367
2020/8/11,United States,56955,1085,5153601,164452
2020/8/12,United States,55244,1511,5208845,165963
2020/8/13,United States,51656,1040,5260501,167003
2020/8/14,United States,70125,1309,5330626,168312
2020/8/15,United States,52396,1042,5383022,169354
2020/8/16,United States,34662,613,5417684,169967
2020/8/17,United States,37849,472,5455533,170439
2020/8/18,United States,44902,1230,5500435,171669
2020/8/19,United States,45884,684,5546319,172353
2020/8/20,United States,45128,1100,5591447,173453
2020/8/21,United States,47591,1096,5639038,174549
2020/8/22,United States,45673,962,5684711,175511
2020/8/23,United States,31911,503,5716622,176014
2020/8/24,United States,33923,426,5750545,176440
2020/8/25,United States,42673,1219,5793218,177659
2020/8/26,United States,42073,1158,5835291,178817
2020/8/27,United States,50518,1108,5885809,179925
2020/8/28,United States,46470,926,5932279,180851
2020/8/29,United States,43102,963,5975381,181814
2020/8/30,United States,34131,441,6009512,182255
2020/8/31,United States,33362,482,6042874,182737
2020/9/1,United States,41978,1065,6084852,183802
2020/9/2,United States,39961,1053,6124813,184855
2020/9/3,United States,45141,1022,6169954,185877
2020/9/4,United States,48334,950,6218288,186827
2020/9/5,United States,43623,803,6261911,187630
2020/9/6,United States,29119,436,6291030,188066
2020/9/7,United States,24563,319,6315593,188385
2020/9/8,United States,26744,463,6342337,188848
2020/9/9,United States,33638,1103,6375975,189951
2020/9/10,United States,39448,908,6415423,190859
2020/9/11,United States,44623,1142,6460046,192001
2020/9/12,United States,45583,740,6505629,192741
2020/9/13,United States,40291,393,6545920,193134
2020/9/14,United States,32565,420,6578485,193554
2020/9/15,United States,37178,1194,6615663,194748
2020/9/16,United States,38292,937,6653955,195685
2020/9/17,United States,45319,848,6699274,196533
2020/9/18,United States,50185,956,6749459,197489
2020/9/19,United States,45777,662,6795236,198151
2020/9/20,United States,41610,264,6836846,198415
2020/9/21,United States,32043,409,6868889,198824
2020/9/22,United States,38271,1023,6907160,199847
2020/9/23,United States,41120,1048,6948280,200895
2020/9/24,United States,48883,889,6997163,201784
2020/9/25,United States,47137,909,7044300,202693
2020/9/26,United States,43547,764,7087847,203457
2020/9/27,United States,33779,302,7121626,203759
2020/9/28,United States,37739,334,7159365,204093
2020/9/29,United States,42033,893,7201398,204986
2020/9/30,United States,38632,906,7240030,205892
2020/10/1,United States,46244,895,7286274,206787
2020/10/2,United States,53443,834,7339717,207621
2020/10/3,United States,49280,669,7388997,208290
2020/10/4,United States,33131,370,7422128,208660
2020/10/5,United States,37357,470,7459485,209130
2020/10/6,United States,44545,694,7504030,209824
2020/10/7,United States,49137,902,7553167,210726
2020/10/8,United States,57890,974,7611057,211700
2020/10/9,United States,55079,966,7666136,212666
2020/10/10,United States,55367,655,7721503,213321
2020/10/11,United States,46900,459,7768403,213780
2020/10/12,United States,42080,392,7810483,214172
2020/10/13,United States,50123,771,7860606,214943
2020/10/14,United States,58442,987,7919048,215930
2020/10/15,United States,63537,827,7982585,216757
2020/10/16,United States,70174,926,8052759,217683
2020/10/17,United States,54832,785,8107591,218468
2020/10/18,United States,52170,458,8159761,218926
2020/10/19,United States,67882,481,8227643,219407
2020/10/20,United States,61736,930,8289379,220337
2020/10/21,United States,60706,1158,8350085,221495
2020/10/22,United States,79621,836,8429706,222331
2020/10/23,United States,81660,948,8511366,223279
2020/10/24,United States,78376,956,8589742,224235
2020/10/25,United States,60975,445,8650717,224680
2020/10/26,United States,64564,514,8715281,225194
2020/10/27,United States,77223,1000,8792504,226194
2020/10/28,United States,86476,1009,8878980,227203
2020/10/29,United States,91292,987,8970272,228190
2020/10/30,United States,99849,1057,9070121,229247
2020/10/31,United States,87343,921,9157464,230168
2020/11/1,United States,77830,491,9235294,230659
2020/11/2,United States,81807,556,9317101,231215
2020/11/3,United States,124766,1592,9441867,232807
2020/11/4,United States,100262,1109,9542129,233916
2020/11/5,United States,128081,1158,9670210,235074
2020/11/6,United States,127056,1207,9797266,236281
2020/11/7,United States,127064,1108,9924330,237389
2020/11/8,United States,119674,553,10044004,237942
2020/11/9,United States,116956,758,10160960,238700
2020/11/10,United States,136553,1407,10297513,240107
2020/11/11,United States,147683,1423,10445196,241530
2020/11/12,United States,158796,1198,10603992,242728
2020/11/13,United States,179517,1197,10783509,243925
2020/11/14,United States,164050,1360,10947559,245285
2020/11/15,United States,139715,768,11087274,246053
2020/11/16,United States,153087,819,11240361,246872
2020/11/17,United States,164647,1704,11405008,248576
2020/11/18,United States,171970,1913,11576978,250489
2020/11/19,United States,192301,2029,11769279,252518
2020/11/20,United States,201666,1936,11970945,254454
2020/11/21,United States,179818,1637,12150763,256091
2020/11/22,United States,146587,1054,12297350,257145
2020/11/23,United States,181511,1066,12478861,258211
2020/11/24,United States,173561,2134,12652422,260345
2020/11/25,United States,180211,2231,12832633,262576
2020/11/26,United States,117249,1405,12949882,263981
2020/11/27,United States,214636,1547,13164518,265528
2020/11/28,United States,168223,1351,13332741,266879
2020/11/29,United States,140344,1036,13473085,267915
2020/11/30,United States,154913,1313,13627998,269228
2020/12/1,United States,197115,2550,13825113,271778
2020/12/2,United States,196161,2814,14021274,274592
2020/12/3,United States,220225,2951,14241499,277543
2020/12/4,United States,235372,2610,14476871,280153
2020/12/5,United States,222007,2384,14698878,282537
2020/12/6,United States,179327,1392,14878205,283929
2020/12/7,United States,195460,1564,15073665,285493
2020/12/8,United States,227054,2571,15300719,288064
2020/12/9,United States,216007,3165,15516726,291229
2020/12/10,United States,236941,2980,15753667,294209
2020/12/11,United States,238905,3374,15992572,297583
2020/12/12,United States,224534,2509,16217106,300092
2020/12/13,United States,191597,1657,16408703,301749
2020/12/14,United States,209832,1656,16618535,303405
2020/12/15,United States,226317,2977,16844852,306382
2020/12/16,United States,234805,3726,17079657,310108
2020/12/17,United States,240248,3448,17319905,313556
2020/12/18,United States,247945,2936,17567850,316492
2020/12/19,United States,205851,2805,17773701,319297
2020/12/20,United States,187195,1709,17960896,321006
2020/12/21,United States,196861,1798,18157757,322804
2020/12/22,United States,205932,3298,18363689,326102
2020/12/23,United States,221438,3382,18585127,329484
2020/12/24,United States,212948,2922,18798075,332406
2020/12/25,United States,127175,1519,18925250,333925
2020/12/26,United States,217440,1907,19142690,335832
2020/12/27,United States,135959,1437,19278649,337269
2020/12/28,United States,173303,1872,19451952,339141
2020/12/29,United States,205970,3616,19657922,342757
2020/12/30,United States,218297,3890,19876219,346647
2020/12/31,United States,315087,3291,20191306,349938
2021/1/1,United States,178902,2247,20370208,352185
2021/1/2,United States,272283,2543,20642491,354728
2021/1/3,United States,203398,1431,20845889,356159
2021/1/4,United States,185506,1983,21031395,358142
2021/1/5,United States,232863,3599,21264258,361741
2021/1/6,United States,259764,3913,21524022,365654
2021/1/7,United States,286241,4022,21810263,369676
2021/1/8,United States,304066,4173,22114329,373849
2021/1/9,United States,264740,3241,22379069,377090
2021/1/10,United States,210844,2091,22589913,379181
2021/1/11,United States,203960,1838,22793873,381019
2021/1/12,United States,221811,4376,23015684,385395
2021/1/13,United States,229333,4013,23245017,389408
2021/1/14,United States,235575,3781,23480592,393189
2021/1/15,United States,244996,3824,23725588,397013
2021/1/16,United States,217684,3564,23943272,400577
2021/1/17,United States,176557,1992,24119829,402569
2021/1/18,United States,140830,1568,24260659,404137
2021/1/19,United States,156903,2396,24417562,406533
2021/1/20,United States,187387,4411,24604949,410944
2021/1/21,United States,192553,4110,24797502,415054
2021/1/22,United States,191775,3783,24989277,418837
2021/1/23,United States,178177,3537,25167454,422374
2021/1/24,United States,140144,1845,25307598,424219
2021/1/25,United States,129601,1768,25437199,425987
2021/1/26,United States,151009,3975,25588208,429962
2021/1/27,United States,155456,4090,25743664,434052
2021/1/28,United States,166764,3815,25910428,437867
2021/1/29,United States,163742,3578,26074170,441445
2021/1/30,United States,150941,2875,26225111,444320
2021/1/31,United States,112859,1949,26337970,446269
2021/2/1,United States,125313,1772,26463283,448041
2021/2/2,United States,117031,3530,26580314,451571
2021/2/3,United States,124372,3872,26704686,455443
2021/2/4,United States,125031,3893,26829717,459336
2021/2/5,United States,131111,3678,26960828,463014
2021/2/6,United States,116860,2736,27077688,465750
2021/2/7,United States,89429,1469,27167117,467219
2021/2/8,United States,82800,1443,27249917,468662
2021/2/9,United States,95381,3038,27345298,471700
2021/2/10,United States,95282,3379,27440580,475079
2021/2/11,United States,106772,3168,27547352,478247
2021/2/12,United States,100582,2844,27647934,481091
2021/2/13,United States,90759,2272,27738693,483363
2021/2/14,United States,68308,1158,27807001,484521
2021/2/15,United States,55450,941,27862451,485462
2021/2/16,United States,59222,1633,27921673,487095
2021/2/17,United States,68845,2409,27990518,489504
2021/2/18,United States,72580,2579,28063098,492083
2021/2/19,United States,75158,2524,28138256,494607
2021/2/20,United States,73783,1918,28212039,496525
2021/2/21,United States,55265,1212,28267304,497737
2021/2/22,United States,55483,1200,28322787,498937
2021/2/23,United States,73859,2272,28396646,501209
2021/2/24,United States,75025,3222,28471671,504431
2021/2/25,United States,77279,2416,28548950,506847
2021/2/26,United States,75420,2140,28624370,508987
2021/2/27,United States,71290,1514,28695660,510501
2021/2/28,United States,51764,1089,28747424,511590
2021/3/1,United States,50439,1314,28797863,512904
2021/3/2,United States,58417,1917,28856280,514821
2021/3/3,United States,67052,2527,28923332,517348
2021/3/4,United States,68944,1926,28992276,519274
2021/3/5,United States,67880,1725,29060156,520999
2021/3/6,United States,61031,1514,29121187,522513
2021/3/7,United States,41610,702,29162797,523215
2021/3/8,United States,44092,707,29206889,523922
2021/3/9,United States,55503,1765,29262392,525687
2021/3/10,United States,57772,1540,29320164,527227
2021/3/11,United States,61792,1554,29381956,528781
2021/3/12,United States,62604,1419,29444560,530200
2021/3/13,United States,56820,975,29501380,531175
2021/3/14,United States,39275,515,29540655,531690
2021/3/15,United States,51035,703,29591690,532393
2021/3/16,United States,54067,1257,29645757,533650
2021/3/17,United States,59275,1193,29705032,534843
2021/3/18,United States,62390,1635,29767422,536478
2021/3/19,United States,61632,1026,29829054,537504
2021/3/20,United States,58867,772,29887921,538276
2021/3/21,United States,35378,714,29923299,538990
2021/3/22,United States,47424,549,29970723,539539
2021/3/23,United States,52858,945,30023581,540484
2021/3/24,United States,87757,1461,30111338,541945
2021/3/25,United States,67628,1348,30178966,543293
2021/3/26,United States,76371,1155,30255337,544448
2021/3/27,United States,64055,807,30319392,545255
2021/3/28,United States,46320,441,30365712,545696
2021/3/29,United States,65872,627,30431584,546323
2021/3/30,United States,61690,894,30493274,547217
2021/3/31,United States,69531,1068,30562805,548285
2021/4/1,United States,76857,1104,30639662,549389
2021/4/2,United States,74025,885,30713687,550274
2021/4/3,United States,64880,754,30778567,551028
2021/4/4,United States,37922,311,30816489,551339
2021/4/5,United States,67087,459,30883576,551798
2021/4/6,United States,62826,828,30946402,552626
2021/4/7,United States,75776,2602,31022178,555228
2021/4/8,United States,80066,1008,31102244,556236
2021/4/9,United States,84753,908,31186997,557144
2021/4/10,United States,70535,756,31257532,557900
2021/4/11,United States,47456,289,31304988,558189
2021/4/12,United States,62183,443,31367171,558632
2021/4/13,United States,80841,865,31448012,559497
2021/4/14,United States,75604,929,31523616,560426
2021/4/15,United States,73982,909,31597598,561335
2021/4/16,United States,83473,865,31681071,562200
2021/4/17,United States,55488,705,31736559,562905
2021/4/18,United States,43830,350,31780389,563255
2021/4/19,United States,58547,487,31838936,563742
2021/4/20,United States,62440,842,31901376,564584
2021/4/21,United States,64347,884,31965723,565468
2021/4/22,United States,66718,937,32032441,566405
2021/4/23,United States,62895,752,32095336,567157
2021/4/24,United States,54972,760,32150308,567917
2021/4/25,United States,34769,303,32185077,568220
2021/4/26,United States,42287,475,32227364,568695
2021/4/27,United States,52282,670,32279646,569365
2021/4/28,United States,55186,979,32334832,570344
2021/4/29,United States,58825,885,32393657,571229
2021/4/30,United States,58103,804,32451760,572033
2021/5/1,United States,48776,747,32500536,572780
2021/5/2,United States,30556,322,32531092,573102
2021/5/3,United States,44622,476,32575714,573578
2021/5/4,United States,42895,880,32618609,574458
2021/5/5,United States,46043,816,32664652,575274
2021/5/6,United States,46179,797,32710831,576071
2021/5/7,United States,48415,757,32759246,576828
2021/5/8,United States,35655,634,32794901,577462
2021/5/9,United States,22870,257,32817771,577719
2021/5/10,United States,32376,389,32850147,578108
2021/5/11,United States,35478,685,32885625,578793
2021/5/12,United States,36151,787,32921776,579580
2021/5/13,United States,38736,761,32960512,580341
2021/5/14,United States,42217,627,33002729,580968
2021/5/15,United States,30758,529,33033487,581497
2021/5/16,United States,17692,270,33051179,581767
2021/5/17,United States,25241,393,33076420,582160
2021/5/18,United States,28916,777,33105336,582937
2021/5/19,United States,29605,666,33134941,583603
2021/5/20,United States,30217,683,33165158,584286
2021/5/21,United States,28825,618,33193983,584904
2021/5/22,United States,21213,488,33215196,585392
2021/5/23,United States,13784,196,33228980,585588
2021/5/24,United States,21872,434,33250852,586022
2021/5/25,United States,24591,649,33275443,586671
2021/5/26,United States,24596,992,33300039,587663
2021/5/27,United States,26842,1356,33326881,589019
2021/5/28,United States,22242,531,33349123,589550
2021/5/29,United States,13311,344,33362434,589894
2021/5/30,United States,7354,150,33369788,590044
2021/5/31,United States,6275,172,33376063,590216
2021/6/1,United States,20853,632,33396916,590848
2021/6/2,United States,16714,562,33413630,591410
2021/6/3,United States,18395,635,33432025,592045
2021/6/4,United States,17865,521,33449890,592566
2021/6/5,United States,15604,584,33465494,593150
2021/6/6,United States,6016,165,33471510,593315
2021/6/7,United States,14070,316,33485580,593631
2021/6/8,United States,13039,319,33498619,593950
2021/6/9,United States,18565,484,33517184,594434
2021/6/10,United States,14781,414,33531965,594848
2021/6/11,United States,25151,533,33557116,595381
2021/6/12,United States,9160,276,33566276,595657
2021/6/13,United States,5270,107,33571546,595764
2021/6/14,United States,11786,184,33583332,595948
2021/6/15,United States,10729,328,33594061,596276
2021/6/16,United States,11907,381,33605968,596657
2021/6/17,United States,11763,296,33617731,596953
2021/6/18,United States,21182,606,33638913,597559
2021/6/19,United States,9052,177,33647965,597736
2021/6/20,United States,4921,75,33652886,597811
2021/6/21,United States,10554,259,33663440,598070
2021/6/22,United States,10795,346,33674235,598416
2021/6/23,United States,12665,398,33686900,598814
2021/6/24,United States,14475,342,33701375,599156
2021/6/25,United States,24602,523,33725977,599679
2021/6/26,United States,9370,157,33735347,599836
2021/6/27,United States,4622,76,33739969,599912
2021/6/28,United States,13622,146,33753591,600058
2021/6/29,United States,7475,329,33761066,600387
2021/6/30,United States,15352,303,33776418,600690
2021/7/1,United States,15120,283,33791538,600973
2021/7/2,United States,29756,433,33821294,601406
2021/7/3,United States,5414,93,33826708,601499
2021/7/4,United States,4285,41,33830993,601540
2021/7/5,United States,8902,115,33839895,601655
2021/7/6,United States,22281,301,33862176,601956
2021/7/7,United States,20177,324,33882353,602280
2021/7/8,United States,20863,246,33903216,602526
2021/7/9,United States,47594,465,33950810,602991
2021/7/10,United States,10119,87,33960929,603078
2021/7/11,United States,11747,120,33972676,603198
2021/7/12,United States,29424,229,34002100,603427
2021/7/13,United States,26530,359,34028630,603786
2021/7/14,United States,31125,329,34059755,604115
2021/7/15,United States,31962,350,34091717,604465
2021/7/16,United States,78110,453,34169827,604918
2021/7/17,United States,14102,77,34183929,604995
2021/7/18,United States,20329,87,34204258,605082
2021/7/19,United States,48843,191,34253101,605273
2021/7/20,United States,39727,288,34292828,605561
2021/7/21,United States,47732,362,34340560,605923
2021/7/22,United States,56528,287,34397088,606210
2021/7/23,United States,120802,557,34517890,606767
2021/7/24,United States,28744,127,34546634,606894
2021/7/25,United States,27972,99,34574606,606993
2021/7/26,United States,79373,259,34653979,607252
2021/7/27,United States,64993,445,34718972,607697
2021/7/28,United States,73573,373,34792545,608070
2021/7/29,United States,72558,319,34865103,608389
2021/7/30,United States,191447,881,35056550,609270
2021/7/31,United States,43892,168,35100442,609438
2021/8/1,United States,44569,222,35145011,609660
2021/8/2,United States,108362,346,35253373,610006
2021/8/3,United States,97753,577,35351126,610583
2021/8/4,United States,102440,541,35453566,611124
2021/8/5,United States,109695,514,35563261,611638
2021/8/6,United States,251897,1135,35815158,612773
2021/8/7,United States,63005,255,35878163,613028
2021/8/8,United States,34875,125,35913038,613153
2021/8/9,United States,159791,523,36072829,613676
2021/8/10,United States,117797,835,36190626,614511
2021/8/11,United States,154442,792,36345068,615303
2021/8/12,United States,144079,1023,36489147,616326
2021/8/13,United States,226824,1051,36715971,617377
2021/8/14,United States,73067,266,36789038,617643
2021/8/15,United States,46788,206,36835826,617849
2021/8/16,United States,194360,1027,37030186,618876
2021/8/17,United States,150587,1017,37180773,619893
2021/8/18,United States,167609,1201,37348382,621094
2021/8/19,United States,155220,1778,37503602,622872
2021/8/20,United States,239074,1464,37742676,624336
2021/8/21,United States,92195,556,37834871,624892
2021/8/22,United States,44203,211,37879074,625103
2021/8/23,United States,208228,1330,38087302,626433
2021/8/24,United States,154465,1415,38241767,627848
2021/8/25,United States,178972,1541,38420739,629389
2021/8/26,United States,183771,2206,38604510,631595
2021/8/27,United States,238676,1737,38843186,633332
2021/8/28,United States,78890,640,38922076,633972
2021/8/29,United States,52013,314,38974089,634286
2021/8/30,United States,229221,1711,39203310,635997
2021/8/31,United States,179952,1426,39383262,637423
2021/9/1,United States,190516,2037,39573778,639460
2021/9/2,United States,179136,3000,39752914,642460
2021/9/3,United States,235444,1936,39988358,644396
2021/9/4,United States,85909,652,40074267,645048
2021/9/5,United States,63505,416,40137772,645464
2021/9/6,United States,93742,626,40231514,646090
2021/9/7,United States,209176,2076,40440690,648166
2021/9/8,United States,176916,2296,40617606,650462
2021/9/9,United States,166422,3218,40784028,653680
2021/9/10,United States,242021,2461,41026049,656141
2021/9/11,United States,89132,829,41115181,656970
2021/9/12,United States,48350,371,41163531,657341
2021/9/13,United States,210780,2166,41374311,659507
2021/9/14,United States,145403,1896,41519714,661403
2021/9/15,United States,173250,2744,41692964,664147
2021/9/16,United States,158786,3466,41851750,667613
2021/9/17,United States,210856,2448,42062606,670061
2021/9/18,United States,74972,984,42137578,671045
2021/9/19,United States,44872,392,42182450,671437
2021/9/20,United States,171804,2308,42354254,673745
2021/9/21,United States,121740,2444,42475994,676189
2021/9/22,United States,131354,2688,42607348,678877
2021/9/23,United States,129164,3294,42736512,682171
2021/9/24,United States,174769,2475,42911281,684646
2021/9/25,United States,60495,838,42971776,685484
2021/9/26,United States,54317,572,43026093,686056
2021/9/27,United States,155943,2266,43182036,688322
2021/9/28,United States,112749,2502,43294785,690824
2021/9/29,United States,121385,2620,43416170,693444
2021/9/30,United States,110392,2805,43526562,696249
2021/10/1,United States,154825,2149,43681387,698398
2021/10/2,United States,48204,828,43729591,699226
2021/10/3,United States,44777,529,43774368,699755
2021/10/4,United States,142921,1925,43917289,701680
2021/10/5,United States,95228,1867,44012517,703547
2021/10/6,United States,112175,2656,44124692,706203
2021/10/7,United States,101526,2470,44226218,708673
2021/10/8,United States,131416,1802,44357634,710475
2021/10/9,United States,38828,430,44396462,710905
2021/10/10,United States,39669,477,44436131,711382
2021/10/11,United States,96064,1182,44532195,712564
2021/10/12,United States,110609,2290,44642804,714854
2021/10/13,United States,108456,3199,44751260,718053
2021/10/14,United States,86950,2162,44838210,720215
2021/10/15,United States,109484,1801,44947694,722016
2021/10/16,United States,39785,550,44987479,722566
2021/10/17,United States,31657,462,45019136,723028
2021/10/18,United States,98953,1779,45118089,724807
2021/10/19,United States,81911,1951,45200000,726758
2021/10/20,United States,91616,3176,45291616,729934
2021/10/21,United States,78086,1991,45369702,731925
2021/10/22,United States,95951,1858,45465653,733783
2021/10/23,United States,32419,544,45498072,734327
2021/10/24,United States,19171,258,45517243,734585
2021/10/25,United States,112572,1476,45629815,736061
2021/10/26,United States,66653,1577,45696468,737638
2021/10/27,United States,102568,2053,45799036,739691
2021/10/28,United States,75098,1840,45874134,741531
2021/10/29,United States,95106,1719,45969240,743250
2021/10/30,United States,34292,375,46003532,743625
2021/10/31,United States,32324,234,46035856,743859
2021/11/1,United States,113256,1279,46149112,745138
2021/11/2,United States,68740,1271,46217852,746409
2021/11/3,United States,85594,1962,46303446,748371
2021/11/4,United States,81439,1203,46384885,749574
2021/11/5,United States,96860,2120,46481745,751694
2021/11/6,United States,34860,466,46516605,752160
2021/11/7,United States,36829,205,46553434,752365
2021/11/8,United States,110751,1257,46664185,753622
2021/11/9,United States,78361,1428,46742546,755050
2021/11/10,United States,95069,1682,46837615,756732
2021/11/11,United States,57644,874,46895259,757606
2021/11/12,United States,143506,2455,47038765,760061
2021/11/13,United States,43952,563,47082717,760624
2021/11/14,United States,31912,201,47114629,760825
2021/11/15,United States,134043,1304,47248672,762129
2021/11/16,United States,87270,1328,47335942,763457
2021/11/17,United States,112841,1646,47448783,765103
2021/11/18,United States,109836,1350,47558619,766453
2021/11/19,United States,126868,1789,47685487,768242
2021/11/20,United States,45360,452,47730847,768694
2021/11/21,United States,39832,219,47770679,768913
2021/11/22,United States,144619,1268,47915298,770181
2021/11/23,United States,91347,1370,48006645,771551
2021/11/24,United States,111576,1710,48118221,773261
2021/11/25,United States,39319,475,48157540,773736
2021/11/26,United States,53421,372,48210961,774108
2021/11/27,United States,26539,314,48237500,774422
2021/11/28,United States,43149,247,48280649,774669
2021/11/29,United States,186297,1935,48466946,776604
2021/11/30,United States,117107,1639,48584053,778243
2021/12/1,United States,137107,2056,48721160,780299
2021/12/2,United States,138849,3898,48860009,784197
2021/12/3,United States,158619,1577,49018628,785774
2021/12/4,United States,66342,673,49084970,786447
2021/12/5,United States,55183,388,49140153,786835
2021/12/6,United States,177689,1415,49317842,788250
2021/12/7,United States,113262,1564,49431104,789814
2021/12/8,United States,149908,1813,49581012,791627
2021/12/9,United States,124528,1564,49705540,793191
2021/12/10,United States,158203,1799,49863743,794990
2021/12/11,United States,56587,601,49920330,795591
2021/12/12,United States,52306,354,49972636,795945
2021/12/13,United States,185488,1409,50158124,797354
2021/12/14,United States,115020,1549,50273144,798903
2021/12/15,United States,143631,2254,50416775,801157
2021/12/16,United States,141725,1293,50558500,802450
2021/12/17,United States,192656,1851,50751156,804301
2021/12/18,United States,79758,645,50830914,804946
2021/12/19,United States,89199,299,50920113,805245
2021/12/20,United States,240041,1581,51160154,806826
2021/12/21,United States,179394,1954,51339548,808780
2021/12/22,United States,243733,4191,51583281,812971
2021/12/23,United States,269749,1386,51853030,814357
2021/12/24,United States,248511,700,52101541,815057
2021/12/25,United States,86651,231,52188192,815288
2021/12/26,United States,178380,349,52366572,815637
2021/12/27,United States,500551,1796,52867123,817433
2021/12/28,United States,361960,2316,53229083,819749
2021/12/29,United States,502051,2352,53731134,822101
2021/12/30,United States,590652,1491,54321786,823592
2021/12/31,United States,513528,712,54835314,824304
2022/1/1,United States,188724,392,55024038,824696
2022/1/2,United States,285918,381,55309956,825077
2022/1/3,United States,1044929,1844,56354885,826921
2022/1/4,United States,812160,2304,57167045,829225
2022/1/5,United States,662570,2178,57829615,831403
2022/1/6,United States,835023,2056,58664638,833459
2022/1/7,United States,869728,2396,59534366,835855
2022/1/8,United States,397681,816,59932047,836671
2022/1/9,United States,485016,590,60417063,837261
2022/1/10,United States,1383896,2014,61800959,839275
2022/1/11,United States,787387,2469,62588346,841744
2022/1/12,United States,848615,2808,63436961,844552
2022/1/13,United States,861347,2517,64298308,847069
2022/1/14,United States,880061,2738,65178369,849807
2022/1/15,United States,408302,974,65586671,850781
2022/1/16,United States,479789,741,66066460,851522
2022/1/17,United States,675073,1025,66741533,852547
2022/1/18,United States,1129510,2684,67871043,855231
2022/1/19,United States,908089,3438,68779132,858669
2022/1/20,United States,732611,2897,69511743,861566
2022/1/21,United States,841071,3359,70352814,864925
2022/1/22,United States,302491,966,70655305,865891
2022/1/23,United States,365440,709,71020745,866600
2022/1/24,United States,922058,2164,71942803,868764
2022/1/25,United States,493191,3168,72435994,871932
2022/1/26,United States,624037,3837,73060031,875769
2022/1/27,United States,506280,2584,73566311,878353
2022/1/28,United States,614064,4100,74180375,882453
2022/1/29,United States,178625,1165,74359000,883618
2022/1/30,United States,197958,471,74556958,884089
2022/1/31,United States,542241,2622,75099199,886711
2022/2/1,United States,325411,3342,75424610,890053
2022/2/2,United States,329520,3566,75754130,893619
2022/2/3,United States,274805,2449,76028935,896068
2022/2/4,United States,354960,4104,76383895,900172
2022/2/5,United States,86423,884,76470318,901056
2022/2/6,United States,83468,457,76553786,901513
2022/2/7,United States,346438,3066,76900224,904579
2022/2/8,United States,214344,2968,77114568,907547
2022/2/9,United States,188405,3426,77302973,910973
2022/2/10,United States,171414,3265,77474387,914238
2022/2/11,United States,209313,2697,77683700,916935
2022/2/12,United States,51867,813,77735567,917748
2022/2/13,United States,58316,572,77793883,918320
2022/2/14,United States,170177,3203,77964060,921523
2022/2/15,United States,111165,2562,78075225,924085
2022/2/16,United States,114825,3182,78190050,927267
2022/2/17,United States,101690,2923,78291740,930190
2022/2/18,United States,145173,2486,78436913,932676
2022/2/19,United States,31408,658,78468321,933334
2022/2/20,United States,23002,438,78491323,933772
2022/2/21,United States,82885,918,78574208,934690
2022/2/22,United States,89343,2173,78663551,936863
2022/2/23,United States,85141,3092,78748692,939955
2022/2/24,United States,67074,2957,78815766,942912
2022/2/25,United States,74372,2066,78890138,944978
2022/2/26,United States,47413,736,78937551,945714
2022/2/27,United States,18220,223,78955771,945937
2022/2/28,United States,98918,2152,79054689,948089
2022/3/1,United States,46709,1776,79101398,949865
2022/3/2,United States,53404,2091,79154802,951956
2022/3/3,United States,48608,1703,79203410,953659
2022/3/4,United States,51258,1729,79254668,955388
2022/3/5,United States,14919,292,79269587,955680
2022/3/6,United States,12397,211,79281984,955891
2022/3/7,United States,64086,1708,79346070,957599
2022/3/8,United States,29754,1406,79375824,959005
2022/3/9,United States,37700,2020,79413524,961025
2022/3/10,United States,46576,1771,79460100,962796
2022/3/11,United States,49710,1642,79509810,964438
2022/3/12,United States,10217,259,79520027,964697
2022/3/13,United States,11050,192,79531077,964889
2022/3/14,United States,35383,1326,79566460,966215
2022/3/15,United States,24377,1085,79590837,967300
2022/3/16,United States,46130,1833,79636967,969133
2022/3/17,United States,53170,1508,79690137,970641
2022/3/18,United States,31354,807,79721491,971448
2022/3/19,United States,10879,280,79732370,971728
2022/3/20,United States,11448,87,79743818,971815
2022/3/21,United States,42271,1533,79786089,973348
2022/3/22,United States,24562,562,79810651,973910
2022/3/23,United States,41014,1637,79851665,975547
2022/3/24,United States,42992,861,79894657,976408
2022/3/25,United States,46435,619,79941092,977027
2022/3/26,United States,9433,147,79950525,977174
2022/3/27,United States,11790,60,79962315,977234
2022/3/28,United States,38971,1026,80001286,978260
2022/3/29,United States,24178,983,80025464,979243
2022/3/30,United States,39182,1168,80064646,980411
2022/3/31,United States,45638,516,80110284,980927
2022/4/1,United States,32215,829,80142499,981756
2022/4/2,United States,11809,156,80154308,981912
2022/4/3,United States,4755,58,80159063,981970
2022/4/4,United States,28908,587,80187971,982557
2022/4/5,United States,25601,513,80213572,983070
2022/4/6,United States,40947,1125,80254519,984195
2022/4/7,United States,47387,694,80301906,984889
2022/4/8,United States,75023,641,80376929,985530
2022/4/9,United States,12712,142,80389641,985672
2022/4/10,United States,9534,25,80399175,985697
2022/4/11,United States,40345,337,80439520,986034
2022/4/12,United States,35745,614,80475265,986648
2022/4/13,United States,55381,948,80530646,987596
2022/4/14,United States,48960,623,80579606,988219
2022/4/15,United States,35440,459,80615046,988678
2022/4/16,United States,12327,51,80627373,988729
2022/4/17,United States,7503,11,80634876,988740
2022/4/18,United States,61401,258,80696277,988998
2022/4/19,United States,39261,440,80735538,989438
2022/4/20,United States,68933,892,80804471,990330
2022/4/21,United States,59544,383,80864015,990713
2022/4/22,United States,90056,556,80954071,991269
2022/4/23,United States,19714,51,80973785,991320
2022/4/24,United States,13466,29,80987251,991349
2022/4/25,United States,70180,285,81057431,991634
2022/4/26,United States,45285,324,81102716,991958
2022/4/27,United States,89981,801,81192697,992759
2022/4/28,United States,74448,367,81267145,993126
2022/4/29,United States,61089,427,81328234,993553
2022/4/30,United States,23866,112,81352100,993665
2022/5/1,United States,12750,17,81364850,993682
2022/5/2,United States,93423,266,81458273,993948
2022/5/3,United States,48344,749,81506617,994697
2022/5/4,United States,114107,1959,81620724,996656
2022/5/5,United States,87128,308,81707852,996964
2022/5/6,United States,123756,354,81831608,997318
2022/5/7,United States,26890,185,81858498,997503
2022/5/8,United States,4981,23,81863479,997526
2022/5/9,United States,110182,214,81973661,997740
2022/5/10,United States,86178,308,82059839,998048
2022/5/11,United States,163335,949,82223174,998997
2022/5/12,United States,102513,128,82325687,999125
2022/5/13,United States,95937,393,82421624,999518
